date,sha,mean_r_obs,mean_wr2
2026-07-08T14:15:59-04:00,3e189914f8fb65fb10868c55f764f00b24794be7,0.0505643039777423
2026-07-08T14:16:34-04:00,9fc9114b88fbc2ca745d0a41ae52d8f3ff0b88c5,0.0505643039777423
2026-07-08T14:20:21-04:00,a059fe86520c2e2d79b58541853d8d1badefdac8,0.0505643039777423
2026-07-08T14:29:42-04:00,a0250db16986f86f7e09f2c2e4f8fb43a026437a,0.0505643039777423
2026-07-08T14:30:55-04:00,f91011e2cc248187a97ad2a5912625fc2d73a399,0.0505643039777423
2026-07-08T15:39:34-04:00,6e09aba3ab8ccb5de7cd65b32197da2c1edcf72c,0.05056430397774223
2026-07-09T15:27:14-04:00,192b005ff9b5adc47afd7a8fc376be8e1883a39a,0.05056430397774223
2026-07-10T12:55:50-04:00,21292a9402d234a79e3df558a1b0df536e02e38e,0.05056430397774223
2026-07-10T12:56:41-04:00,3bd58aa67c7d0398153f02f32b7368101868b7ca,0.05056430397774223
2026-07-10T13:41:44-04:00,e4d124f72f02a98e8a575a9cdfc2af260b244466,0.05056430397774223
2026-07-10T13:58:46-04:00,d660f14f0b72d4a7bad2e6ad54ff8d27a403598a,0.05056430397774223
2026-07-10T14:07:23-04:00,dcae1e4be1ba50c3a1fbe6016abd0f11bde72775,0.05056430397774223
2026-07-10T14:21:02-04:00,54ccfead1f7bfde34148e913774c11604c0c70a7,0.05056430397774223
2026-07-10T14:35:14-04:00,ab192a34f084a1c67b5e0f862da3b7d1c99b9c77,0.05056430397774223
2026-07-10T14:56:39-04:00,6366571e708d957983cb495ebfec083320004350,0.05056430397774223
2026-07-10T15:06:24-04:00,d63eb7bd5a9d96d2b4d834f6fedab2e5c31b0e57,0.05056430397774223
2026-07-10T15:11:29-04:00,e9820369ec592b8e5b48980916a9002b0d12ca64,0.05056430397774223
2026-07-11T21:46:07-04:00,9187d7a70ec08c8b4bb974cad9154da10112e1e0,0.05056430397774223
2026-07-13T11:08:32-04:00,151290ca3ba0ad73cf8e1e3782e1ce5205709e9a,0.05056430397774223
2026-07-13T12:33:37-04:00,86b46e199ecff69ff6db1578e682d4a0c1d8da00,0.05056430397774223
2026-07-13T12:41:48-04:00,d7de31e268983d9ea72934e5b35dbaa3b12e3756,0.05056430397774223
2026-07-13T13:06:27-04:00,bbc95c219c2721901b59582e50603570f7018189,0.05056430397774223
2026-07-13T13:17:57-04:00,9a4167e6622339f6648bcda197c88324ac5a9972,0.05056430397774223
2026-07-13T14:06:58-04:00,75e181ac18609615260e7a1732a4e51d2c842556,0.05056430397774223
2026-07-13T14:07:43-04:00,5f77d83ca38b9cdd17c0e63cb17778ee66890fd2,0.05056430397774223
2026-07-13T14:47:25-04:00,85d0209b607bb73325cef8d996955d5c3f080884,0.05056430397774223
2026-07-14T10:35:02-04:00,9d177152c2c976a634c63972f9ae4e66c9298ba4,0.05056430397774223
2026-07-14T10:35:35-04:00,3c920bdaadebdb87de5e3b0bdd1a48747d740033,0.05056430397774223
2026-07-14T10:35:49-04:00,09e684d5f476a7179b8df9ca597e7714fbac6f22,0.05056430397774223
2026-07-14T12:34:23-04:00,ab6af84721c3339296def58b2b16739b5f10badf,0.05056430397774223
2026-07-14T14:29:06-04:00,b49e80967e05a9535afef1e684516550ebb5d764,0.05056430397774223
2026-07-14T15:06:28-04:00,964e56a91a37fa7b8c5a04004b8937e1b64d4023,0.05056430397774223
2026-07-17T12:07:03-04:00,cbb6b3e0648c3aad5149560c9e428dc8a04ab3a2,0.05056430397774223
2026-07-17T12:16:38-04:00,c291b8c7921cd4cde39fb4aee451932b312f2fca,0.05056430397774223
2026-07-17T12:33:02-04:00,a4c9d808bfc361a15511ced8225c411d6be32bbc,0.05056430397774223
2026-07-17T12:40:58-04:00,879de2df4f440d93a4fd7e71ef0e05466179d219,0.05056430397774223
2026-07-17T12:58:03-04:00,5ded7d30cfb3d5c9f8de9735054bd94b8e50ed07,
2026-07-17T13:04:48-04:00,1249cfcdcc111e6fb3586e8f4517791d69443182,
2026-07-17T13:13:31-04:00,f5a8c468e5992c2999715111015dd172a951e3dc,
2026-07-17T13:20:48-04:00,afef6166dc280b1fc85a904c90ad9b0e27bf7b83,
2026-07-17T13:46:40-04:00,f2362ebf0ce31c3c75f53b105c38b75ecb842aee,
2026-07-17T13:56:11-04:00,2082091b1f31c5c76fd8097dc786e4d51c4fad12,
2026-07-17T14:37:13-04:00,47cdc9e644038dcc750ef1c1f6fca70d6ae49d74,
2026-07-20T10:53:49-04:00,454b9f0e13ad6ef13d11dcba634581f2de59ee0f,0.05056430397774223
2026-07-20T12:22:09-04:00,0755a3e11a1a3911470eb739c400d7abe3d20271,0.05056430397774223
2026-07-20T12:22:10-04:00,18d7bc2bb73fc8800dd27d1f0eb083f564bbac83,0.05056430397774223
2026-07-20T12:31:44-04:00,a7ef6103a8fc0b07ae460998dca7f33503bf1452,0.05056430397774223
2026-07-20T12:43:16-04:00,44d7391beb09fa037fbbe7023d37feccc223c073,0.05056430397774223
2026-07-20T13:12:45-04:00,d3defa04792bec56cc17205050a1a07d9a9328c4,0.05056430397774223
2026-07-20T13:40:46-04:00,178117f236d8a3fd4d5bde70414bcb24c0dd7716,0.05056430397774223
2026-07-20T13:45:41-04:00,5b432ed9682d8d9acef9ea7963d2c304dfa36c2e,0.05056430397774223
2026-07-21T10:58:16-04:00,014c595ab167b0f1c6f135cebe7c8f1e6aac7b67,0.05056430397774223
2026-07-21T11:05:05-04:00,be3185421889497d388877a36dde2b120b886867,0.05056430397774223
2026-07-21T11:35:02-04:00,9776de08b0831fec94bdb4cf4dd99c2957950b41,0.05056430397774223
2026-07-21T11:35:17-04:00,d4365951a555fa06cf8c3c7c2e2295ae1ca29396,0.05056430397774223
2026-07-21T11:47:12-04:00,4b8e5384c522e32fac5478246e7508b0edf0e14b,0.05056430397774223
2026-07-21T11:49:43-04:00,b9db63bdded57a980cce7c304a57d99a1099a42e,0.05056430397774223
2026-07-21T12:55:55-04:00,69d84153810d46e8397f2bb8c187d1021d8ed1d8,0.05056430397774223
2026-07-21T12:57:03-04:00,dab40f75587943e3edf07cb766c541f6e465c4e9,0.05056430397774223
2026-07-21T15:12:45-04:00,c63971f21ef5f1278748f78f5c631165e9b8320f,0.05056430397774223
2026-07-21T15:13:03-04:00,3659b8012e5e7164f84f0091de481f2bb875abec,0.05056430397774223
2026-07-21T15:40:03-04:00,76a984c96bdb33b13f5ce0e5eed9fa37c47d8089,0.05056430397774223
2026-07-21T15:43:49-04:00,2c22ccdf7bac531c884c7441ef114d42d607e42d,0.05056430397774223
2026-07-21T15:57:48-04:00,42f004cf623d9a03b59776616d7698574b9af9e7,0.05056430397774223
2026-07-22T11:25:17-04:00,51d3db74a39898a0bd6ea0925412787641aaa8b2,0.05056430397774223
2026-07-23T11:38:17-04:00,da46c4928458eb04b87ed98f2603573d97dc38a3,0.05056430397774223
2026-07-23T11:38:17-04:00,9d154fe7bf555f62e02c221abb3377bffa8028cf,0.05056430397774223
2026-07-23T11:38:17-04:00,6864a6f2f1c3eb16a3c1ec43f4ac34f892f81a07,0.05056430397774223
2026-07-23T11:38:17-04:00,d0d0ac393876cd635a4806773b7ac5e6a5ec472c,0.05056430397774223
2026-07-23T11:38:17-04:00,f3d0198dc8b8c3eb308fb2b531153ff34afe9bc2,
2026-07-23T11:38:17-04:00,0451764314a0cd7039d366d2217688606b1f9bfe,
2026-07-23T11:38:17-04:00,c6016aa900ecb2a019f9777b4908a1dc51d4837d,
2026-07-23T11:38:17-04:00,5e34203b8787bb53933ce8a101ff2c7d37f5c585,0.05073480539958194
2026-07-23T11:38:17-04:00,4fa34ba730a917514c75ba34124798bfa10da215,0.05073480539958194
2026-07-23T11:38:17-04:00,7c7ffac20868c49f960d0a204b48ea661f1f2b74,0.05073480539958194
2026-07-23T11:38:17-04:00,9ee58f7bbf0d86ff4648c90bb365718a67734096,0.05073480539958194
2026-07-23T11:38:17-04:00,84be957c99542c89fb22954afb0a919edce1930f,0.05073480539958194
2026-07-23T11:38:17-04:00,c92cd9d61ecc68c20f917d5661125467dd9934c6,0.05073480539958194
2026-07-23T11:38:17-04:00,97cd40e10aeadaab043dcd70380e914796eaba95,
2026-07-23T11:38:17-04:00,6c3c6b0314807533c999cea7d72c909317fa414f,
2026-07-23T11:38:17-04:00,54aa1e61636741d9305131e910c49086e47cee28,
2026-07-23T11:38:17-04:00,56123d35a0b7449aeefbf7ca18c9ddcbb4c90492,
2026-07-23T11:38:17-04:00,d836b511765aa7ceb9f4e174320a56b6b54de990,
2026-07-23T11:38:17-04:00,152f9f773a29d7d5f041ffc215e1d78469cb4853,
2026-07-23T11:38:17-04:00,568401a9550af6a9a6a5721261cb08ad4e84be51,
2026-07-23T11:38:17-04:00,5f80d72d494e2b0a3b2af581ab84f36edf0890bc,
2026-07-23T11:38:17-04:00,1e4344c59e513411b88a56471e7234416c57484e,0.05073480539958194
2026-07-23T11:44:45-04:00,b2d62ddb49f7d9b503fa7356f60ee8d8dee6aea8,0.05073480539958194
2026-07-23T11:54:41-04:00,474ad2160c25662392dc0efae9218cb94c61c125,0.05073480539958194
2026-07-23T14:44:09-04:00,3c7d3bc4b06a88bac98c7d234d83601fd7c17d81,0.05073480539958194
2026-07-23T14:48:42-04:00,dd62cd6499111ed65d047342715d92353742a474,0.05073480539958194
2026-07-23T15:57:56-04:00,c7c3dbff9b26a14d005fc84593f10d788d83d8c5,0.05073480539958194
2026-07-23T16:34:55-04:00,8d9aa96ea578271c8abe8157eb921f5abe88312f,0.05073480539958194
2026-07-23T16:53:28-04:00,7fbba313dc2fdacffa0c80dbc351f2e890562660,0.05073480539958194
2026-07-24T12:05:16-04:00,be186bb8ff8aa10c7832824039e77ae4c0e7a346,
2026-07-24T12:05:16-04:00,6455943b21bfb9850c1f8856c0597b9654d96f80,
2026-07-24T12:05:16-04:00,30894eb56d221a148f6f7edef83f6fcaa4266a2b,
2026-07-24T12:05:16-04:00,1e1b2cb83998fba4842622aa113cb2771c081934,
2026-07-24T12:05:16-04:00,836c1f402ba340f7d995953eefaa38e8cfd8d607,
2026-07-24T12:05:16-04:00,85370700b6f1d1c60d140ea25734e500b32ac571,
2026-07-24T12:05:16-04:00,076d3e9f44be81f326bfbeb6fbe21b5454c98802,
2026-07-24T12:05:16-04:00,8088f47c82ae67d0e69fce07ab83250e40b8b046,0.05073480539958194
2026-07-24T12:05:16-04:00,6f1883e24d2445d845e3c6908e7f7e550773236d,0.05073480539958194
2026-07-24T12:19:10-04:00,81c04527fa52e310fb82e5dc8708d9218b36e4c2,0.05073480539958194
2026-07-24T12:19:10-04:00,1107b69d891ebb1d21a4ee18411dc6a939b8ad42,0.05073480539958194
2026-07-24T12:19:10-04:00,67cf93bd2a6863d8aaad080d2888afab814c7de9,0.05073480539958194
2026-07-24T12:19:10-04:00,0a7b43771e939716cfe23fd766149fc549e111f4,0.05073480539958194
2026-07-24T12:19:10-04:00,3c64d0e3a7bbbd1030b400eb525e34a52afbd1c0,0.05073480539958194
2026-07-24T12:19:10-04:00,28493231313953d2c97f5161b1dee1fbd3071c3c,0.05073480539958194
2026-07-24T12:19:10-04:00,d3acc06d3b663234b1b7d074bd779adb32cf7248,0.05073480539958194
2026-07-24T12:19:10-04:00,f0b6309c154d669813a8e25dc98f9c377c96f78b,0.05073480539958194
2026-07-24T12:19:10-04:00,273d0c4cc1ceefd06acf9b579ba460c1225613c1,0.05073480539958194
2026-07-24T12:47:33-04:00,9f8b4888f21be7de7485609c6b1aabe7132ec670,0.05073480539958194
2026-07-24T13:28:24-04:00,db1a18e1261fcdcfc17b3ad8dd525408439d860d,0.05073480539958194
2026-07-24T13:28:24-04:00,da86e57df7bccff3314a97e1c3c59843afcbe5bc,0.05073480539958194
2026-07-24T13:50:14-04:00,a9d1486f4de28528415bb76876dfd79d16036482,0.05073480539958194
2026-07-24T13:51:44-04:00,671250d3f2c3fd22b07d1b2159375a7188728155,0.05073480539958194
2026-07-24T14:10:08-04:00,ae2a7b983ec1a001041fdf88a0ba0739b32dafed,0.05073480539958194
2026-07-24T14:44:57-04:00,c73d8c6e17016e7dbbac3faea08c8fa218ccb2b7,0.05073480539958194
2026-07-24T14:46:48-04:00,823c51aaba47f7b26b203f4828ca8b8ce9942512,0.05073480539958194
2026-07-24T14:54:30-04:00,c254659299f445107f66aa0564b78f4f1b609200,0.05073480539958194
2026-07-24T15:06:02-04:00,a6a37e0541c30170d9fe1faa300771f4a53a778c,0.05073480539958194
2026-07-24T15:08:48-04:00,a2fcd0858dacb55fd0e9e8d76654308c31015d91,0.05073480539958194
2026-07-27T12:22:27-04:00,5e14b9ce33dff5643bf61bd8da6dd8e4dd57a5c9,0.05073480539958194
2026-07-27T13:20:02-04:00,c506c3b70f66b8e5fffd33eed41aaa53674b5a55,0.05073480539958194
2026-07-27T18:25:27Z,1c093bc5df3c21114473dc6645ce856f962540fc,0.05073480539957296
2026-07-27T18:32:50Z,32dc3f0033ec70e2eac5e6370adfa7577439e769,0.05073480539959025
2026-07-27T19:01:06Z,fc4905c9cb3b351551d60c60276822759ddd4a36,0.05073480539957301
2026-07-27T19:22:36Z,ae3b1d2c20db40cdd3255f500ee2307bd0f06e0e,0.05073480539959025
2026-07-27T19:29:04Z,2485f97dd9cbe393200b3c7c5524a7d04ef5859d,0.05073480539957301
2026-07-27T19:32:04Z,b3e3754f11d164a6cc23df7ba4df287551ed573d,0.05073480539959025
2026-07-28T16:08:38Z,958ca6dbc436e1098bfa7a9919de4ea8d8a0383e,0.05073480539959025
2026-07-28T16:57:48Z,ac181576fc7e7a265064c5ae60a703ef461e5922,0.05073480539959025
2026-07-29T11:11:24Z,36e5537d19e3632ae23b929b0d4a742e53c4ab3b,0.05073480539957296
2026-07-29T12:26:10Z,93e84802c4f6a9c18ce747257356e11ff1df4215,0.05073480539959025
2026-07-29T13:39:00Z,0fa95d2c23dd25dbe8754def1a39e8935dbc0bb9,
2026-07-29T13:43:13Z,887ecb9d0b5b6d0dd10df22c8732ba080f11b6d7,
2026-07-29T14:04:02Z,931439d3f6f9e961d1f491bb512135283c98ec07,
2026-07-29T20:24:17Z,52a1a9b67eaedcb93a74e162b0d363c5eab80d48,
2026-07-30T11:12:39Z,ff5914079b96bc901f0b76808eeef7b684896823,
2026-07-30T18:01:55Z,5641eb1df3a95e65a36c328cdae37a7a195a56b6,
2026-07-30T18:08:54Z,ba3172e098e3679e55d3ff53ecacb19a58962c9a,
2026-07-30T18:55:51Z,e0bc192bb1fcc093d24602076e4a62801b4c7a04,
2026-07-31T17:31:24Z,ea8830109f94b4d076755e946ab129adfb5c6aeb,
2026-07-31T20:47:52Z,07597717a697eef62ad4051245166e4adbda9dca,
2026-07-31T23:11:14Z,15b774fe3aeade996bcd40d507969888324885a9,
2026-08-01T13:36:16Z,3565d8fbebd47f7ecc0be13bca00d42e9ddb72bc,
2026-08-07T18:42:24Z,cb007df3e8d0a12c61d4fe4f2a45c80e05b48bac,
2026-08-07T18:45:20Z,8bcc83950ea540e89833ed7d2ae689fd5cbf6bbd,
2026-08-07T18:47:25Z,108992c73e971c77a338ae06d35217eea0103b89,
2026-08-07T18:49:44Z,513c1f6f857db3998be905a4ec3b1a30242ecddb,
2026-08-07T19:28:41Z,b00df0829db34f432f9b608d5f33b7f892422b4d,
2026-08-07T19:42:24Z,a5064305375de3b7615ba55aa5023c22d072b888,
2026-08-07T19:52:24Z,680ed082aae0d1353ab27daf0e331a41ebc7275c,
2026-08-08T01:25:55Z,179db7456d3f79e8cb957cf679a3fa97432206ad,
2026-08-10T14:06:38Z,f4ee891f0b331c79126c3014e5593f55d5d814ff,
2026-08-10T14:38:14Z,52f7eaa69e66343dcf309d8530314c11a82c17bc,
2026-08-10T15:45:19Z,2c32c6c1a0c7af8f9e8fc24117a8f4ddb9b75bed,
2026-08-10T16:22:29Z,87292e96bb2659f129bb23006adb5b176fd10580,
2026-08-10T16:23:08Z,62db9ea9ab56402576860165989e519fe87eb88f,0.05928161422369456,0.06793001145136142
2026-08-10T17:28:54Z,04bc95a65044fd66bfffa898fae737e802c718b2,0.05928161422369456,0.06793001145136142
2026-08-10T17:56:58Z,f90501183a33048b91d22c78032078fa562e5592,0.05928161422369456,0.06793001145136142
2026-08-10T19:10:20Z,89ec05046ffbcb1496cbe47c35343e39b874e196,0.05928182069665912,0.06793007144556161
2026-08-11T02:13:26Z,2b4afb5f6a8164b469ccfc002c9086e67a76422c,0.05928161422369456,0.06793001145136142
2026-08-11T17:42:15Z,8535919d7edae105e3aa1ce327b5cf576a22bc62,0.05928161422369456,0.06793001145136142
2026-08-11T19:53:05Z,85f0aefc591692af57fa3787109e9ceb7ca1675c,0.05928161422369456,0.06793001145136142
2026-08-11T20:51:38Z,aaccd39f04d8cc9f8287ac185da904d1e29ef781,0.05928161422369456,0.06793001145136142
2026-08-11T22:19:20Z,56eb7f618a8d4bd76bdb523ff23b14da277082fd,0.05928182069665912,0.06793007144556161
2026-08-12T00:55:16Z,545f19d62502cedbdc5745cbd4b6343a233912c5,0.05928161422369456,0.06793001145136142
2026-08-12T02:00:30Z,a67fdae19101237057d6c762d6ecf5658ee0e741,0.05928161422369456,0.06793001145136142
2026-08-12T05:00:49Z,0739af12a3a9ee554f5d6a53d46004315741d3d2,0.05928161543934357,0.06793001334613812
2026-08-12T05:13:58Z,391178c257e64530530450ab2a1bd6e06a575ddc,0.05928161543934357,0.06793001334613812
2026-08-12T05:19:27Z,5710e7168cb9c9165ef5d6ebc7700c66583b6413,0.05928182069665912,0.06793007144556161
2026-08-12T05:38:50Z,00d16029ef47a9518778f35e125c0c5ff9c42d92,0.05928161543934357,0.06793001334613812
2026-08-12T05:43:59Z,d75bf8509c4fca49364abdf8323521cbdfd160dc,0.05928161543934357,0.06793001334613812
2026-08-12T05:56:11Z,4ed8dcb1202581a54933378c48083a361bbeec2f,0.05928161543934357,0.06793001334613812
2026-08-12T06:04:34Z,0cfed45c42b7aeff230e20ccc570781ee05e8376,0.05928161543934357,0.06793001334613812
2026-08-12T06:04:59Z,b965367ccbbc54fdc78d4599935896d6b52a993e,0.05928161543934357,0.06793001334613812
2026-08-12T06:07:56Z,caefd998974b01a32dad18ab0fa867e9c3bf0fc5,0.05928161543934357,0.06793001334613812
2026-08-12T15:14:23Z,2cc3cae987539c5d9ab0031dc6068965ff9c494b,0.05928161543934357,0.06793001334613812
2026-08-12T15:27:12Z,d52076d7c89be0971cf9c42a21ae5840052c245a,0.05928161543934357,0.06793001334613812
2026-08-12T15:29:31Z,ef068cd902a04244a6a47ef021f6c6b6e3499206,0.05928161543934357,0.06793001334613812
2026-08-12T17:10:21Z,c0be6d29c6672b065631920716f20e9657800683,0.05928161543934357,0.06793001334613812
2026-08-12T18:32:22Z,17fde7041651cb5fb2f2e3c2e34addbbc61afd9f,0.05928161543934357,0.06793001334613812
2026-08-12T18:32:48Z,5b9b191d3f187610ef9cf192cb48525fd63739f9,0.05928161543934357,0.06793001334613812
2026-08-12T18:46:12Z,6165a7cd0edbc0572ee68f48b1976262ab3d8690,0.05928161543934357,0.06793001334613812
2026-08-12T18:52:37Z,d2fdcc2487d0225368af4cada6ba4dfcea40c54e,0.05928161543934357,0.06793001334613812
2026-08-12T19:21:00Z,25703845dfe460441962789b23607ee2674aea48,0.061067995335319245,0.07157884742137886
2026-08-12T20:09:16Z,df7b54b3f8c8b37ae66aaab38728899e0c0179fe,0.061067995335319245,0.07157884742137886
2026-08-12T20:36:41Z,67130cd2adc03130ab1126ba4878940a1c593850,0.061067995335319245,0.07157884742137886
2026-08-12T20:48:32Z,0f560c30f59da7d20d7913922ac6443319bb9f59,0.061067995335319245,0.07157884742137886
2026-08-12T22:24:07Z,1a194f70c918617bf894de9a5cbc2243b23101ec,0.06106819213045318,0.0715789766797174
2026-08-12T22:58:18Z,498c96b18f18421f38d5c7b929c7fbd89075d87f,0.06106819213045318,0.0715789766797174
2026-08-13T00:22:26Z,0247706b707a4a67ae3a531ce088de33c1f12e8f,0.061067995335319245,0.07157884742137886
2026-08-13T00:45:59Z,a8326596106476c16739eee9ac621adbfb27e4d2,0.061067995335319245,0.07157884742137886
2026-08-13T01:02:30Z,53b70c634a883096815550279270b5ae45394b15,0.061067995335319245,0.07157884742137886
2026-08-13T01:04:38Z,1bfdabc9ca4aa73734a13a8a9e0191d3ab9c9353,0.061067995335319245,0.07157884742137886
