,Rotation Index,Orientation Matrix,wR2,alpha,beta,omega
0,54,"[[-0.29276390013739434, -0.07866169859416922, 0.9634972185237957], [0.8074042003765672, 0.5343206340469957, 0.290760820417347], [-0.5327964977378491, 0.8551372427312144, -0.09162319150086187]]",0.06558806449174881,0.003323711714463307,-0.030655371897505147,0.04676567255551267
1,95,"[[-0.29772960042422736, -0.08915107742331498, 0.9610678872270784], [0.9583043989906233, -0.15404066536642758, 0.28364433892504953], [0.12039254422043283, 0.9955973683365933, 0.1311985367030649]]",0.05688318982720375,7.241527730054816e-05,0.0006869028298125509,0.00014758783766925747
2,33,"[[-0.3000797596174792, -0.09770563039965445, 0.9595002287096157], [0.5507017439900602, 0.8082021302639796, 0.25639124604310315], [-0.7925718023928322, 0.6001069063100356, -0.18697846211112265]]",0.06398344784975052,0.001515276148716185,-0.0016011576296218616,-0.0001244503341387371
3,35,"[[-0.288079831464272, -0.08222088502540251, 0.9646173268807008], [0.5885646444348269, 0.7848281534015529, 0.24452965949665548], [-0.7694860135770788, 0.6326165750274102, -0.17602891995751008]]",0.04901759326457977,0.0,0.0,0.0
4,9,"[[-0.28441724782821437, -0.07711715608374366, 0.9661263100192278], [0.1788902218017616, 0.9864695670069098, 0.13301124078752696], [-0.9532310260223943, 0.20938003444757763, -0.26485513611958705]]",0.09331557154655457,0.017510479126026872,2.9771309790822223e-05,0.01089231772562075
5,5,"[[-0.29361872426123564, -0.0861096544551098, 0.9626045241794272], [0.12146596452997804, 0.9959269491653427, 0.12768205613164482], [-0.9594444460553324, 0.15368435469864924, -0.2799639493048744]]",0.05585981905460358,8.777234997986986e-06,-3.829191886984416e-06,4.4830914514672716e-06
6,13,"[[-0.29204889391579614, -0.0817047272270822, 0.9634654455613778], [0.2518180097868981, 0.9662918342192933, 0.15994247380292703], [-0.9342346187822123, 0.28727089266321426, -0.2596675306705634]]",0.04754537716507912,0.43008107784758187,-0.1308729042262905,0.11825841076881932
7,2,"[[-0.2933786351572022, -0.08553787821847154, 0.9627317120873298], [0.06108455194255278, 1.0036619026455327, 0.1092698492439033], [-0.9652505419041151, 0.09076477105716625, -0.287225384526304]]",0.044156163930892944,-0.02701931131909384,0.002413256534638745,-0.008294872133064266
8,64,"[[-0.3036926452767994, -0.09342101372621622, 0.9587869533538416], [0.8825474992887391, 0.3767934187234966, 0.3179603189385637], [-0.3877525867317731, 0.9339095763255795, -0.031038421656864053]]",0.04013560339808464,0.09448877755819604,0.15526619720868862,-0.062744734124417
9,58,"[[-0.29281084661042345, -0.08813019438413629, 0.9626586895039426], [0.8423218693953396, 0.47093279929370013, 0.30109030610461873], [-0.47563462694497394, 0.890726961181734, -0.06256927300919433]]",0.124277763068676,1.3987223307291668e-06,-8.943345811631947e-06,4.280938042534722e-06
10,59,"[[-0.28481095373757753, -0.08321607998096389, 0.9654995988528537], [0.8515297461179843, 0.45960850496035116, 0.29256095063240234], [-0.46399990171674244, 0.8970828333295047, -0.058939181918833204]]",0.09575486183166504,-0.028883122752206922,0.08276018374315952,-0.04981310705075233
11,34,"[[-0.31435204414231266, -0.12201235813903016, 0.952121161913452], [0.5554434107471545, 0.7945083831788283, 0.2870820078014298], [-0.7836584231949439, 0.6137264233439084, -0.18026980591388667]]",0.0670371726155281,0.003252172657918523,-0.004617315989961139,0.0018985878180403713
12,8,"[[-0.29145208677344675, -0.08966237448882902, 0.9629410670722383], [0.1753607001924103, 0.9852127599341016, 0.14641582748254875], [-0.9517420787582737, 0.21024945816593174, -0.26945070532935705]]",0.12380340695381165,0.14291123144333523,-0.01641748882207803,-0.1162202513749767
13,68,"[[-0.3502432728621393, -0.10660569474605458, 0.9413815450590376], [0.8909520524189551, 0.30495163292199395, 0.36769327946324776], [-0.32380932548505925, 0.9583819453738293, -0.01102889959186915]]",0.07647030800580978,-0.39393860774288786,1.0546937792911906,0.13238786376498307
14,10,"[[-0.29344647057207723, -0.08818723315627466, 0.9624709213057044], [0.20991942847598863, 0.9770630009972565, 0.15515334781894125], [-0.9440895014410463, 0.2459271357506647, -0.2662324935919484]]",0.04925006628036499,0.0,0.0,0.0
15,38,"[[-0.2757505649522642, -0.06610882627519982, 0.9694467394329737], [0.6368746709830602, 0.7494574003840694, 0.23411580159201914], [-0.7347631394477645, 0.6759589079237599, -0.16295648120492204]]",0.06649606674909592,0.0,0.0,0.0
16,91,"[[-0.23917058840742816, -0.09095316486950054, 0.9771214187720516], [0.98076688065443, -0.07526686373917528, 0.2342060960339203], [0.050695454468268814, 1.0044587234030697, 0.10734929265393386]]",0.0765611082315445,0.004339998696130544,0.010769444474213154,0.0001949292278711325
17,24,"[[-0.29330466989395476, -0.08924512166025911, 0.962414003382535], [0.42576300765568215, 0.8917608541548474, 0.2142469327253285], [-0.8684450037462511, 0.4687184232601622, -0.22170652896956253]]",0.06639666855335236,0.0036757338599982337,-0.003474014633791915,0.0015037354345892899
18,72,"[[-0.3274506575595841, -0.11025498496924589, 0.9491350433308204], [0.9216883337576381, 0.22944370589330376, 0.3462354341261896], [-0.2542351606139995, 0.9788047154954386, 0.027007866027737023]]",0.034644439816474915,0.0,0.0,0.0
19,70,"[[-0.279566591034455, -0.06599833517644486, 0.9683608889470902], [0.9191025786043401, 0.3072124532360032, 0.2878869118253689], [-0.314117457440123, 0.961349674353384, -0.024225060266977627]]",0.054318975657224655,0.1509398261638275,-0.4669809954442547,0.00992480561627254
20,39,"[[-0.285050353677312, -0.07756810934846622, 0.9659018147142131], [0.6429882936976334, 0.7387027432909715, 0.2509402288468686], [-0.725824966041169, 0.6864677533017984, -0.1590925405345674]]",0.0678240954875946,6.024269519137857e-05,-4.373132373988308e-05,-4.8290975196922496e-05
21,45,"[[-0.28213852393835404, -0.0704547217771449, 0.9672999647715963], [0.7232594816338176, 0.6564860766396011, 0.26062582595756667], [-0.6471431973885571, 0.7661800043956524, -0.13277195319014495]]",0.07027905434370041,0.0,0.0,0.0
22,77,"[[-0.31496954148503525, -0.09351366689071001, 0.9551381013556508], [0.9420098366443534, 0.16432172999260802, 0.3282223650936324], [-0.18669618158004023, 0.9935422243870352, 0.03686057539221559]]",0.06721432507038116,-0.0026582443901286435,0.020395445628651435,0.000808084228504772
23,97,"[[-0.30170203983746047, -0.08321569522981986, 0.9603575404990116], [0.9516209308751706, -0.19159820757777107, 0.2833608934321153], [0.15766530405183757, 0.9895873859047575, 0.13686134136372224]]",0.08058015257120132,0.019833238331634716,0.028715453613652624,-0.04908437456100223
24,36,"[[-0.28332436615294704, -0.07606575217537401, 0.9665276568997921], [0.5993144521464867, 0.7784195606453483, 0.23879995053601735], [-0.7629438184380688, 0.6412528197104438, -0.17329372712315]]",0.03750390559434891,-0.0003695947923484505,0.00033031572216336304,-2.1554756250541374e-05
25,94,"[[-0.2841600027811749, -0.09371090317137548, 0.9647357806346065], [0.9637616348383111, -0.14187947978121715, 0.27117469794101523], [0.10924090790282572, 0.9969818204587654, 0.13054396606907587]]",0.08664420992136002,0.004591147297348204,0.04784125861089579,0.00703652566699133
26,43,"[[-0.2994574599077564, -0.09413940580778052, 0.9600524307040198], [0.6852614600084861, 0.6872759940567261, 0.28300903608171846], [-0.6798636965597414, 0.7359868710950391, -0.13978250819111532]]",0.090827077627182,-0.2930873781588245,0.31251710051351866,-0.06387745795340266
27,80,"[[-0.294288618491334, -0.09087359651914127, 0.9619632305693339], [0.9579173132131608, 0.10826986766661836, 0.30470098296328463], [-0.1314722219487483, 1.001453835377522, 0.055600292141418664]]",0.10165952891111374,-0.03249560059530501,0.00012588655592467692,0.04941613158416498
28,62,"[[-0.3178231720170709, -0.10025840408362174, 0.9535034761595002], [0.8670215928342415, 0.39939132502602687, 0.33273023522888906], [-0.410702859821475, 0.9237488491435769, -0.039032802541072886]]",0.06225959211587906,-0.47905887222461185,1.111412816811081,-0.05586657662367121
29,3,"[[-0.29444624393156266, -0.0924668122554329, 0.9617626620398455], [0.08794115052876773, 0.9998694334774492, 0.1245529704741504], [-0.9628364487961744, 0.12085312958569815, -0.28427489200225675]]",0.10286560654640198,0.00039772371896836965,-5.306969761205958e-05,0.00024460424423683783
30,86,"[[-0.3588972103080527, -0.08799807168138216, 0.9400470056193189], [0.9441788651904622, -0.0008979805480135968, 0.36170408998905335], [-0.03177692775050825, 1.007548777144189, 0.0835815514703095]]",0.07062764465808868,0.000423604574315156,-0.0022401969230353815,-0.00026725578336571864
31,23,"[[-0.30178151857978086, -0.10685005780043799, 0.9579913243370842], [0.4033431112528793, 0.898485227451405, 0.2290727323818622], [-0.8762007527001198, 0.4518261606796672, -0.2261572259296208]]",0.07833265513181686,0.008381603115662991,-0.004602102159470833,0.005545637240791795
32,78,"[[-0.3154448126989566, -0.09402425581471868, 0.9549311490554078], [0.945710289525659, 0.14231808219371161, 0.3278863101286529], [-0.16600776346507296, 0.996887177657913, 0.04449583840222745]]",0.05188325047492981,0.001666452169573581,-0.010974755205415979,-0.0006885650904387098
33,73,"[[-0.2919692440344682, -0.07921433668031108, 0.9636967564739315], [0.9356021722677111, 0.23279524414771965, 0.3041489138743484], [-0.24679121507523538, 0.9810485698794907, 0.006900081663874055]]",0.04442537575960159,0.06210718830675191,0.1944630584687631,-0.2901959240786799
34,48,"[[-0.30511338256681836, -0.09163412572422076, 0.9585081633907206], [0.7249227826194482, 0.6404116510465765, 0.29383578438994573], [-0.6347486269165574, 0.7773891285417206, -0.12745844784579288]]",0.04567457363009453,-0.0007930192586265757,0.0009199365968843593,-0.00010793209103500731
35,98,"[[-0.26568706083454174, -0.09471590038731889, 0.9698855196832734], [0.9599922317031562, -0.20362618919564224, 0.24405936349004995], [0.17151414070858997, 0.9861222024162252, 0.14487026619459312]]",0.049694232642650604,-0.05621722705733766,-0.08667715209803645,-0.022617319893867012
36,57,"[[-0.29364241401471336, -0.09231270659765166, 0.9620103330343406], [0.8250543051647078, 0.5002535107881247, 0.30161843592622867], [-0.5045437785806296, 0.8741462611676488, -0.06960212580911827]]",0.189678356051445,0.0,0.0,0.0
37,1,"[[-0.29335192504143354, -0.08406064232191979, 0.9628721561171825], [0.05248842713346288, 1.0045970737185628, 0.10516059227406994], [-0.9657564829588338, 0.08137562257439351, -0.28829297283372646]]",0.03833198919892311,0.021354620894049936,-0.0015750973832118682,0.004076346620521799
38,22,"[[-0.3026457975179377, -0.10823389454969394, 0.9575619433996492], [0.3860422094696545, 0.9067678954079984, 0.22629480334733304], [-0.8836645158326017, 0.4346183412646396, -0.23073331322258311]]",0.11233922839164734,0.0006718725639744336,0.005009419371175702,0.003293255620005278
39,69,"[[-0.32916585408108484, -0.08935829534486413, 0.9507357791671446], [0.903390795557176, 0.2977352244937922, 0.34240306016492833], [-0.3113300207732418, 0.9624260539055753, -0.016397756351266182]]",0.05306359380483627,-0.5054897142550544,1.6004030245848582,-0.028616279402512518
40,74,"[[-0.24559868916490485, -0.07743754574773687, 0.9766859532327867], [0.9531457772598608, 0.21641661019780523, 0.25835326774185197], [-0.22987758789266818, 0.9849339724101919, 0.021330813811066843]]",0.04674235358834267,0.0017483777088501923,-0.0020366260834972848,0.0022327775145572705
41,6,"[[-0.29390441716271776, -0.0883749766677733, 0.9623148353357545], [0.13574353764824934, 0.9932067164404859, 0.1342256964279075], [-0.9574369529726342, 0.1692013933573921, -0.27791540058051784]]",0.05066988617181778,0.0009840053472426188,5.2735672670049534e-05,-4.3460045889549695e-05
42,82,"[[-0.2847029210686881, -0.08939293327182374, 0.9649824970438374], [0.9657850858267775, 0.06383016635919267, 0.2922270636472439], [-0.08780434114632661, 1.0054067471708021, 0.06849550998703609]]",0.07160907983779907,-0.009869336397512099,0.018811958954612344,0.021170988796204486
43,26,"[[-0.2897554438327147, -0.08142518881446009, 0.9641871462478706], [0.4562518291391592, 0.8768277528773919, 0.21297846035226548], [-0.8540382713138668, 0.4974473689197863, -0.21508361870252107]]",0.09399542212486267,0.025454221228717752,-0.014176745408761189,-0.002156729828092471
44,75,"[[-0.3283380567278226, -0.09697831574028455, 0.950274699616532], [0.9308138881633774, 0.19490544706097598, 0.3430450929995494], [-0.21720051610126054, 0.9876648114178666, 0.02684636554952596]]",0.10745367407798767,-0.0014786375071132543,0.008221575205792647,0.0006647869900803728
45,81,"[[-0.3144684858091212, -0.08951410330236406, 0.9556859256624145], [0.9533550591067682, 0.09216283479362215, 0.3237441759802134], [-0.1168736842252097, 1.0031869709010979, 0.05675663825148624]]",0.0980592891573906,2.957698576080792e-06,0.005251334887636705,-0.0007570320359636892
46,71,"[[-0.3814366825892903, -0.10443072977706355, 0.9294317924220268], [0.8955703127922084, 0.24937659858255629, 0.3972153528406732], [-0.2714019163191112, 0.9745645029310318, -0.0008692818424208047]]",0.09237449616193771,-0.004184855852863163,0.007336428044122666,0.0019211793094760996
47,4,"[[-0.293992925203053, -0.08375748194562842, 0.9626972652362782], [0.10594830047194603, 0.998572949258379, 0.1207563908888387], [-0.9611656114950117, 0.13692975323964254, -0.2826949929398537]]",0.07899461686611176,0.059162885500511936,-0.007964672720872853,0.021058636480254175
48,12,"[[-0.2926721832751069, -0.08301191870352483, 0.963165544288702], [0.23243308794090503, 0.971784766317089, 0.15603655277220352], [-0.9390542176565607, 0.26767969254303464, -0.2631435763889283]]",0.027908243238925934,0.0006446077775040646,0.003364117815947104,0.00045911162782042954
49,76,"[[-0.28498154793062985, -0.08909096259685595, 0.9649290122464029], [0.952562732093964, 0.16146772059019726, 0.29773725406050094], [-0.18138169688471606, 0.9944398541525505, 0.039359020039834686]]",0.06966332346200943,0.0004053097880534415,-0.0020160864236273206,-3.3224094331245986e-05
50,41,"[[-0.3274974390879503, -0.1265791155169779, 0.9470795318925473], [0.6445353379416546, 0.7102254172790803, 0.3197012469319789], [-0.7062094181242079, 0.7087602717198846, -0.14943102218191665]]",0.08119212090969086,0.020575413903637145,-0.01929824258151029,0.00454970704669181
51,21,"[[-0.2963608685074022, -0.09538729691895093, 0.9608865058008623], [0.38229605951083134, 0.9122191867879983, 0.2102377119809008], [-0.8874135760549874, 0.4262004110459555, -0.23198873282032845]]",0.06946796923875809,0.0006532870516287198,-3.311101288206624e-05,0.00012142259699176347
52,79,"[[-0.2958428914817059, -0.09101218485335166, 0.9614733296911564], [0.9541206918511991, 0.13141825784454067, 0.30746425227060253], [-0.15373379297724074, 0.9986623514679366, 0.048422349229573634]]",0.07985644787549973,-0.06783735492923716,0.10432774144765249,-0.07181976774889844
53,53,"[[-0.2663380121585908, -0.05587408197138812, 0.9727112505159781], [0.8219615849785527, 0.5292848090090648, 0.25725765010084667], [-0.5243592393598787, 0.8601061855723813, -0.09374843445172548]]",0.025698360055685043,0.28245249192288385,-0.3657477899896665,-0.0135850367299436
54,29,"[[-0.2999166802873224, -0.09858277730424708, 0.9594626980789083], [0.5017036592469291, 0.8428654597786331, 0.24527386843110516], [-0.8245073018675878, 0.5502154438638132, -0.2015421137141793]]",0.06773269176483154,0.0,0.0,0.0
55,25,"[[-0.3126790930283813, -0.12909268743200328, 0.9517388385522891], [0.42359984821496455, 0.8804143932644897, 0.26041607747026757], [-0.8627048755859995, 0.48059609715606616, -0.21872055026669146]]",0.05817287787795067,0.0,0.0,0.0
56,27,"[[-0.31972646978179586, -0.13903967656388064, 0.9479890342528384], [0.4515578480254429, 0.8601487873690588, 0.2803076664049445], [-0.8457640497784678, 0.5133705688741295, -0.21036770966102794]]",0.05417393520474434,0.0009175872763504098,-0.00013850046308642132,-0.0009731106152814778
57,37,"[[-0.29353191137872936, -0.09616659013462482, 0.9616785173776431], [0.615627910548323, 0.7567450358112083, 0.2654487420653789], [-0.7458697698507744, 0.664064742330447, -0.16134355321683655]]",0.0860024243593216,-0.0032469698431069967,0.004299219285836763,0.0005963193372770918
58,40,"[[-0.29731206087324025, -0.0944793193419638, 0.9606858800473043], [0.6519464747126981, 0.7222147554987762, 0.2746645480401209], [-0.7127712612837622, 0.7016917569214992, -0.1515667632904806]]",0.04571767523884773,0.10955432367242988,-0.10456742829932457,0.026337521698172845
59,87,"[[-0.3147927759942829, -0.08734208200397868, 0.9557806388046507], [0.9603574302081878, -0.02324182894942842, 0.315441732491349], [-0.006349341685412497, 1.0073414238516747, 0.09136153890187153]]",0.07944601774215698,-0.0015519092778622224,0.02392101720999771,0.0034427602316665414
60,7,"[[-0.30544053186955133, -0.13668843322003732, 0.9530274573739834], [0.13908601229399054, 0.9840889635078522, 0.18731846881153663], [-0.9533412693482143, 0.18873858454576417, -0.2794794932024229]]",0.07669589668512344,0.02717130231050579,-0.002589196610825035,-0.042293341133293264
61,28,"[[-0.2721033343930594, -0.052076697313173465, 0.9713316858740875], [0.4938520417031611, 0.8623669867121458, 0.18639572574927238], [-0.8388237728857121, 0.5259345657335349, -0.2071565758464765]]",0.054285094141960144,-0.17262201527371315,0.10525211700799783,-0.04275650385728702
62,96,"[[-0.2972153441110266, -0.088154202930521, 0.9613166506137947], [0.9563308020657006, -0.17021654179796256, 0.2810969548609373], [0.13632211322243765, 0.9930509315131603, 0.13477515521109185]]",0.09787411242723465,0.016680047436714456,0.125659264960926,0.016394527234453563
63,55,"[[-0.3046274684607883, -0.08807012974370747, 0.9589976052981841], [0.8020124840511769, 0.5341408395883254, 0.30562018925620393], [-0.5342910776207356, 0.8542964725617745, -0.09077215231325941]]",0.05624822899699211,0.0,0.0,0.0
64,44,"[[-0.31696769567217326, -0.10228730222848155, 0.9535736655708094], [0.6912232818735745, 0.672279142714605, 0.303756868223339], [-0.6657081081767017, 0.7486270192354408, -0.14082989529996148]]",0.07008453458547592,0.00945837426356742,-0.0155558784720662,-0.0014248740703352797
65,47,"[[-0.3112390202213741, -0.09365289213701103, 0.9563429930943852], [0.7166067058667831, 0.6475787302150078, 0.29849781255422586], [-0.6411555462082761, 0.7711903407099634, -0.13289844811859908]]",0.0672033354640007,-0.3436571147708666,0.4234756776773432,-0.06548945377014495
66,88,"[[-0.2460371433050575, -0.08219857823206828, 0.9761911356944508], [0.9803432164612009, -0.028283579749600506, 0.2459214598043345], [0.006322150601566998, 1.007645796849563, 0.08782726417941668]]",0.06795640289783478,0.0029750680924794494,-0.008303349035796243,-0.00015521188217188582
67,50,"[[-0.34826630019641036, -0.13269548583716925, 0.9387962753301743], [0.7386125476925955, 0.5893946714355718, 0.3591965099872706], [-0.5954241864252722, 0.8110234367846898, -0.10588755559587379]]",0.07188724726438522,-0.15146325955977086,0.010201061031329457,0.07177518851843051
68,17,"[[-0.28438575468525107, -0.0642537964155201, 0.9670747177705024], [0.3226584995832395, 0.9450306682456987, 0.1593907395837659], [-0.9146207418378857, 0.3546206765423712, -0.24611519737203502]]",0.056802667677402496,0.8816172189724026,-0.33468999924538956,0.18958674038862186
69,32,"[[-0.3147493027597509, -0.11973855343067127, 0.9522764036784437], [0.5356051862612543, 0.8102520253630234, 0.2807839928832782], [-0.797183149230801, 0.5932663858758837, -0.18913521648429119]]",0.06442100554704666,-0.003443194780174713,-0.00035990060466873177,-0.001434621300974396
70,14,"[[-0.297774580425792, -0.09218821845005024, 0.9607651915578896], [0.2613097404335556, 0.9611499362125836, 0.17490134646576744], [-0.9298061972057653, 0.3009536777684214, -0.26011641470649594]]",0.09711848944425583,0.0007426977721440744,-3.9174974530403215e-05,-0.0004883379075157712
71,46,"[[-0.3072510263514026, -0.09012188916671852, 0.9579708750758744], [0.7183403410257326, 0.6480730380361475, 0.29322734762878666], [-0.6411212742881565, 0.7712185303957265, -0.1328614751830319]]",0.0692528486251831,0.006923559190267726,-0.00744922687819006,0.0025219131263352484
72,20,"[[-0.2905181215115307, -0.0803317687243596, 0.9640457691171969], [0.3638982647882733, 0.9244339530672326, 0.18845248995753666], [-0.897042120174715, 0.40235007315716415, -0.23742583551780091]]",0.06817177683115005,0.03191577619918178,-0.021554426603344112,0.046538372220360065
73,56,"[[-0.29805665834684925, -0.09712592226527485, 0.9601824121739092], [0.8170863015672667, 0.5099528620903598, 0.3070125068041409], [-0.5148050505251384, 0.8679852532879483, -0.07149172432676813]]",0.1605275422334671,0.056017580185863676,-0.09164868877778887,0.00804889656061943
74,52,"[[-0.3002732420364167, -0.09395893617259679, 0.9598133303556203], [0.7736647923058692, 0.5772033352467175, 0.3003704184091536], [-0.5768783402781953, 0.8251477541873933, -0.09929328766429689]]",0.11257907748222351,0.0,0.0,0.0
75,0,"[[-0.2964457998701494, -0.01135864633025278, 0.965520491884839], [0.06804034657293175, 1.0085947120788663, 0.034191660562570676], [-0.9637977612309138, 0.07577997827142814, -0.29621661003458305]]",0.15686102211475372,-0.004753529735905477,-0.011145462863566113,0.10402126189820882
76,92,"[[-0.28470666889317264, -0.06209755740436141, 0.9671243629404593], [0.9674922607636568, -0.08866226428132848, 0.2802576741064294], [0.06656948971197942, 1.0056028780994486, 0.0856446398846398]]",0.06356361508369446,3.110668750420482e-05,0.0029362137807140516,0.0002739938289140568
77,16,"[[-0.293106432164319, -0.08769346537673085, 0.9626186843592249], [0.30032601655651225, 0.9487749850330394, 0.17959126245537463], [-0.9194533701328393, 0.33916660368269563, -0.24981265361005556]]",0.0480215884745121,0.04184772274150638,-0.01474981496511876,0.010780715645732072
78,61,"[[-0.29855704240210357, -0.09408065343946116, 0.9603374906255056], [0.8660689345195289, 0.4178193437917164, 0.3119213537186221], [-0.4269247487212498, 0.9162226350843826, -0.04226402135113123]]",0.05913940817117691,0.0,0.0,0.0
79,83,"[[-0.3364304463280664, -0.09184787574951034, 0.947953671837149], [0.9490208917457236, 0.05813514489583363, 0.34381958341079133], [-0.08685758003270101, 1.0055189004687166, 0.06790742883842134]]",0.05824233964085579,-0.0038361764514923177,0.014437386252081944,0.015003093018889774
80,11,"[[-0.2891397617944792, -0.08418084152868746, 0.9641322388455824], [0.22729266131286766, 0.9732129870293716, 0.15477781590388837], [-0.9413980733376319, 0.26208701145219865, -0.26033256509957137]]",0.024968545883893967,0.005156466060416986,-0.20314731070077854,-0.04457509551337242
81,84,"[[-0.3030343471267992, -0.08849304365185541, 0.9594667866857083], [0.9616838215082164, 0.04345649602464776, 0.3090804354722877], [-0.06937132197304455, 1.006563492800384, 0.0722430835343819]]",0.04875994473695755,0.002235455656120631,-0.08210040191152397,-0.003638366186521049
82,90,"[[-0.26248818050325856, -0.08957104793888422, 0.9712460428247802], [0.975458377101373, -0.06078542593498509, 0.25919902137891504], [0.034419410376149207, 1.005565746301333, 0.10347322067524428]]",0.06789722293615341,6.600498462469744e-06,0.00017313237794163057,2.4951904583079678e-05
83,15,"[[-0.29379944885365666, -0.09016047757717902, 0.9621800558788125], [0.28858766070914577, 0.9525226719326517, 0.17907564993853117], [-0.9229770798029868, 0.32782818392201857, -0.2518887652412047]]",0.055174894630908966,-0.00530217633517849,0.004080279982155169,-0.0014647599272602013
84,63,"[[-0.3521673995536461, -0.11575412581327328, 0.9395791271134207], [0.8537765596136979, 0.3947488469606336, 0.37039368671701095], [-0.4103419010575598, 0.923900931496235, -0.039217669498658]]",0.05960307642817497,-1.3223198397401428,3.02409426553653,-0.0797332933047832
85,49,"[[-0.34978426147094455, -0.13151005034444077, 0.9383962323204368], [0.7277783108577791, 0.6035894191116762, 0.3577551388212314], [-0.6077439433748484, 0.8007156397340799, -0.1139910899242088]]",0.10627506673336029,-0.14218585943102122,0.04789295064028172,0.020339372060815354
86,66,"[[-0.3480862509705042, -0.11251639261389577, 0.9414879117747952], [0.8792330827337242, 0.33783006706195334, 0.36714900117628935], [-0.3565331028132844, 0.9466033073024914, -0.01784141637423346]]",0.08223892003297806,-5.086263020833341e-07,6.0526529947916655e-05,2.5939941406249996e-05
87,65,"[[-0.32495232708849575, -0.09842811933624143, 0.9512860211933934], [0.8781355987033496, 0.36799617142087904, 0.33974361072602416], [-0.38040337196171825, 0.9368856114096396, -0.03219008954049045]]",0.07443647086620331,-0.008271127709710512,0.0007122878904045349,-0.0015909555259721539
88,85,"[[-0.2714708148250564, -0.0814129694679335, 0.9694917372135451], [0.9724781655337654, 0.024222085564533757, 0.2756409871490181], [-0.04645799820274108, 1.0078177132060748, 0.07295049681586759]]",0.06035540625452995,-0.011479631083608086,0.27106384040605014,0.01889715889969905
89,67,"[[-0.35102618636181065, -0.1120853327616177, 0.9404494238273566], [0.8810692544503405, 0.3299793743156779, 0.3698844241096296], [-0.34905127368838273, 0.9494110833123367, -0.016250723844188537]]",0.14263099431991577,-0.5730800332661639,1.5186592573122155,-0.03422596367512279
90,19,"[[-0.28803890281149924, -0.07410639807452038, 0.9652884008998156], [0.3545072102757609, 0.9299726039504926, 0.17892696374729355], [-0.9015880232660638, 0.3906402039613423, -0.2396955377246336]]",0.18206071853637695,-0.00012296563357321462,0.0005319979884099598,-0.0002399669887943063
91,93,"[[-0.3288948361689864, -0.08407518204204956, 0.9513179467366385], [0.9521246084761879, -0.11625299812613127, 0.3200267892600234], [0.08169397524470495, 1.0011580073207316, 0.11825011945254774]]",0.07301931828260422,0.017833122163750176,0.25414441984303776,0.028619127659198274
92,60,"[[-0.27790663107849656, -0.07556114705939226, 0.9681412757421589], [0.8635863381800843, 0.4420608745038021, 0.28413749412717915], [-0.44555502176198747, 0.9065380367219266, -0.05648818565532052]]",0.07138726860284805,-0.0008643068269241546,0.002305045930273147,0.0042884533215688195
93,30,"[[-0.2957673014658054, -0.09277638274836811, 0.9613282847819102], [0.5097457387579908, 0.839621785498433, 0.23970816098448522], [-0.8210835689105074, 0.5561547751603331, -0.19925903596654657]]",0.051884498447179794,0.002636070022624393,-0.002411094919633648,0.0016576681439152245
94,31,"[[-0.29067869107576133, -0.0787144328786581, 0.9641305309987236], [0.5275898598442185, 0.8315880958893318, 0.2288050295605696], [-0.8115820531979054, 0.5702489341610973, -0.1984067276069757]]",0.11547578126192093,0.0,0.0,0.0
95,51,"[[-0.3375913335263986, -0.12181389593180353, 0.944155397021865], [0.7584962409806928, 0.5712928373295052, 0.3467818559607923], [-0.5762718414118291, 0.8255837201325178, -0.09914858518205168]]",0.10765273869037628,-0.4665622176391562,0.691268059197651,-0.0814318479405739
96,18,"[[-0.31258761322492545, -0.11144242101830848, 0.9539957112090961], [0.3203665680894507, 0.9345171383927415, 0.21589489414016666], [-0.9061528932413088, 0.3702419482863397, -0.25435364192391907]]",0.2495846450328827,0.0,0.0,0.0
97,89,"[[-0.2957399553323596, -0.08921041914176675, 0.9616755175279594], [0.9663029867001184, -0.0463996484113547, 0.2940731891313672], [0.017133841890607845, 1.006367570578786, 0.10005351545032189]]",0.09266070276498795,0.003216613424046874,-0.022887675887672723,-0.0011538754494812681
98,42,"[[-0.2893842658055637, -0.08024758257489095, 0.964393653224156], [0.6783981698426644, 0.7015833470957833, 0.2638101558742032], [-0.6910340020287261, 0.7240651356716785, -0.14703192094026715]]",0.13463006913661957,-0.012143741849815128,0.020795586993052555,-0.0004434334298203985
